"Survived","Pclass","Sex","Age","SibSp","Parch","Fare","Embarked","Price","FamilySize","Child","AgeInterval"
"1","1","female",30,0,0,86.5,"S",28.8333333333333,1,"0","18-39"
"1","1","female",33,0,0,86.5,"S",28.8333333333333,1,"0","18-39"
"1","1","female",16,0,0,86.5,"S",28.8333333333333,1,"0","13-17"
"1","1","female",39,1,1,79.65,"S",26.55,3,"0","18-39"
"0","1","male",52,1,1,79.65,"S",26.55,3,"0","40-54"
"1","1","female",18,0,2,79.65,"S",26.55,3,"0","13-17"
"0","1","male",47,0,0,52,"S",26,1,"0","40-54"
"0","1","male",35,0,0,52,"S",26,1,"0","18-39"
"1","1","male",28,0,0,26.55,"S",26.55,1,"0","18-39"
"1","1","female",60,1,0,75.25,"C",75.25,2,"0","55-100"
"0","1","male",61,0,0,33.5,"S",33.5,1,"0","55-100"
"0","1","male",47,0,0,38.5,"S",38.5,1,"0","40-54"
"1","1","female",44,0,1,57.9792,"C",28.9896,2,"0","40-54"
"1","1","female",16,0,1,57.9792,"C",28.9896,2,"0","13-17"
"1","1","male",26,0,0,30,"C",30,1,"0","18-39"
"1","1","male",35,0,0,26.55,"C",26.55,1,"0","18-39"
"1","1","male",26,0,0,26.55,"S",26.55,1,"0","18-39"
"1","1","male",45,0,0,26.55,"S",26.55,1,"0","40-54"
"0","1","male",39,0,0,0,"S",0,1,"0","18-39"
"0","1","male",2,0,0,0,"S",0,1,"1","0-12"
"1","1","female",19,0,0,30,"S",30,1,"0","18-39"
"0","1","male",16,0,0,0,"S",0,1,"0","13-17"
"0","1","male",40,0,0,0,"S",0,1,"0","18-39"
"1","1","male",40,0,0,31,"C",31,1,"0","18-39"
"0","1","male",38,0,0,39.6,"C",39.6,1,"0","18-39"
"0","1","male",28,0,0,26.55,"S",26.55,1,"0","18-39"
"0","1","male",45.5,0,0,28.5,"S",28.5,1,"0","40-54"
"0","1","male",45,0,0,26.55,"S",26.55,1,"0","40-54"
"0","1","male",30,0,0,27.75,"C",27.75,1,"0","18-39"
"1","1","male",51,0,0,26.55,"S",26.55,1,"0","40-54"
"0","1","male",16,0,0,26,"S",26,1,"0","13-17"
"0","1","male",28,0,0,47.1,"S",47.1,1,"0","18-39"
"0","1","male",29,0,0,30,"S",30,1,"0","18-39"
"0","1","male",27,0,2,211.5,"C",211.5,3,"0","18-39"
"1","1","female",45,0,1,55,"S",27.5,2,"0","40-54"
"1","1","female",22,0,1,55,"S",27.5,2,"0","18-39"
"0","1","male",65,0,1,61.9792,"C",61.9792,2,"0","55-100"
"0","1","male",19,0,0,35,"S",35,1,"0","18-39"
"0","1","male",62,0,0,26.55,"S",26.55,1,"0","55-100"
"1","1","female",62,0,0,80,"S",40,1,"0","55-100"
"1","1","female",38,0,0,80,"S",40,1,"0","18-39"
"1","1","female",14,1,2,120,"S",30,4,"0","13-17"
"1","1","male",36,1,2,120,"S",30,4,"0","18-39"
"1","1","male",11,1,2,120,"S",30,4,"0","0-12"
"1","1","female",36,1,2,120,"S",30,4,"0","18-39"
"0","1","male",56,0,0,50,"S",50,1,"0","55-100"
"0","1","male",19,1,0,53.1,"S",53.1,2,"0","18-39"
"0","1","male",29,1,0,66.6,"S",33.3,2,"0","18-39"
"1","1","female",22,1,0,66.6,"S",33.3,2,"0","18-39"
"0","1","female",25,1,2,151.55,"S",37.8875,4,"0","18-39"
"1","1","male",0.92,1,2,151.55,"S",37.8875,4,"1","0-12"
"0","1","female",2,1,2,151.55,"S",37.8875,4,"1","0-12"
"1","1","female",22,0,0,151.55,"S",37.8875,1,"0","18-39"
"1","1","female",58,0,0,26.55,"S",26.55,1,"0","55-100"
"0","1","male",45,0,0,35.5,"S",35.5,1,"0","40-54"
"1","1","male",52,0,0,30.5,"S",30.5,1,"0","40-54"
"0","1","male",55,0,0,30.5,"S",30.5,1,"0","40-54"
"1","1","male",28,0,0,35.5,"S",35.5,1,"0","18-39"
"1","1","female",35,1,0,52,"S",26,2,"0","18-39"
"0","1","male",42,1,0,52,"S",26,2,"0","40-54"
"0","1","male",56,0,0,26.55,"S",26.55,1,"0","55-100"
"1","1","male",34,0,0,26.55,"S",26.55,1,"0","18-39"
"0","1","male",33,0,0,42.4,"S",42.4,1,"0","18-39"
"0","1","male",45,0,0,31,"S",15.5,1,"0","40-54"
"1","1","female",30,0,0,31,"C",15.5,1,"0","18-39"
"0","1","male",60,0,0,26.55,"S",26.55,1,"0","55-100"
"1","1","female",35,1,0,53.1,"S",26.55,2,"0","18-39"
"0","1","male",37,1,0,53.1,"S",26.55,2,"0","18-39"
"1","1","male",27,0,0,30.5,"S",30.5,1,"0","18-39"
"1","1","female",33,1,0,53.1,"S",26.55,2,"0","18-39"
"1","1","male",27,1,0,53.1,"S",26.55,2,"0","18-39"
"0","1","male",62,0,0,26.55,"S",26.55,1,"0","55-100"
"0","2","male",29,1,0,21,"S",10.5,2,"0","18-39"
"0","2","female",27,1,0,21,"S",10.5,2,"0","18-39"
"1","1","male",37,1,1,52.5542,"S",26.2771,3,"0","18-39"
"1","1","female",47,1,1,52.5542,"S",26.2771,3,"0","40-54"
"1","1","female",19,0,2,26.2833,"S",26.2833,3,"0","18-39"
"1","1","male",42,1,0,52.5542,"S",52.5542,2,"0","40-54"
"1","1","female",48,1,0,39.6,"C",39.6,2,"0","40-54"
"1","1","male",25,1,0,55.4417,"C",55.4417,2,"0","18-39"
"1","1","female",24,0,0,83.1583,"C",41.57915,1,"0","18-39"
"1","1","female",56,0,1,83.1583,"C",41.57915,2,"0","55-100"
"1","1","female",53,2,0,51.4792,"S",51.4792,3,"0","40-54"
"0","1","male",58,0,0,29.7,"C",29.7,1,"0","55-100"
"1","1","male",64,0,0,29.7,"C",29.7,1,"0","55-100"
"1","1","female",32,0,0,76.2917,"C",76.2917,1,"0","18-39"
"1","1","female",19,1,0,91.0792,"C",45.5396,2,"0","18-39"
"1","1","male",25,1,0,91.0792,"C",45.5396,2,"0","18-39"
"0","2","male",34,0,0,13,"S",13,1,"0","18-39"
"0","3","male",56,0,0,7.75,"Q",7.75,1,"0","55-100"
"1","1","female",52,1,1,93.5,"S",46.75,3,"0","40-54"
"1","1","female",30,0,0,93.5,"S",46.75,1,"0","18-39"
"0","1","male",36,0,0,40.125,"C",40.125,1,"0","18-39"
"1","1","male",56,0,0,35.5,"C",35.5,1,"0","55-100"
"1","1","male",32,0,0,30.5,"C",30.5,1,"0","18-39"
"1","1","female",21,0,0,77.9583,"S",25.9861,1,"0","18-39"
"1","1","female",51,1,0,77.9583,"S",25.9861,2,"0","40-54"
"1","1","female",63,1,0,77.9583,"S",25.9861,2,"0","55-100"
"0","1","male",50,1,0,55.9,"S",27.95,2,"0","40-54"
"1","1","female",39,1,0,55.9,"S",27.95,2,"0","18-39"
"0","1","male",65,0,0,26.55,"S",26.55,1,"0","55-100"
"1","1","male",60,1,1,79.2,"C",79.2,3,"0","55-100"
"1","1","female",22,0,2,49.5,"C",49.5,3,"0","18-39"
"1","3","female",31,0,0,7.75,"Q",7.75,1,"0","18-39"
"1","3","female",1,0,0,7.75,"Q",7.75,1,"1","0-12"
"1","3","female",35,0,0,7.75,"Q",7.75,1,"0","18-39"
"0","3","male",22,0,0,8.05,"S",8.05,1,"0","18-39"
"1","3","male",17,0,0,56.4958,"S",8.07082857142857,1,"0","13-17"
"1","3","male",32,0,0,56.4958,"S",8.07082857142857,1,"0","18-39"
"1","3","male",28,0,0,56.4958,"S",8.07082857142857,1,"0","18-39"
"0","3","male",44,0,0,56.4958,"S",8.07082857142857,1,"0","40-54"
"0","3","male",28,0,0,56.4958,"S",8.07082857142857,1,"0","18-39"
"1","3","male",26,0,0,56.4958,"S",8.07082857142857,1,"0","18-39"
"1","3","male",32,0,0,56.4958,"S",8.07082857142857,1,"0","18-39"
"1","1","female",40,1,1,134.5,"C",67.25,3,"0","18-39"
"1","1","female",41,0,0,134.5,"C",67.25,1,"0","40-54"
"1","1","male",21,0,0,30,"S",30,1,"0","18-39"
"1","1","female",28,0,0,110.8833,"C",27.720825,1,"0","18-39"
"1","1","female",39,1,1,110.8833,"C",27.720825,3,"0","18-39"
"1","1","male",17,0,2,110.8833,"C",27.720825,3,"0","13-17"
"0","1","male",49,1,1,110.8833,"C",27.720825,3,"0","40-54"
"1","1","female",58,1,0,89.1042,"C",44.5521,2,"0","55-100"
"1","1","male",49,1,0,89.1042,"C",44.5521,2,"0","40-54"
"0","1","male",54,0,0,51.8625,"S",51.8625,1,"0","40-54"
"1","1","female",30,1,0,51.8625,"S",51.8625,2,"0","18-39"
"1","1","female",49,0,0,25.9292,"S",25.9292,1,"0","40-54"
"1","1","female",48,0,0,25.9292,"S",25.9292,1,"0","40-54"
"1","1","male",31,1,0,57,"S",28.5,2,"0","18-39"
"1","1","female",17,1,0,57,"S",28.5,2,"0","13-17"
"0","1","male",56,0,0,30.6958,"C",30.6958,1,"0","55-100"
"0","1","male",36,1,0,78.85,"S",39.425,2,"0","18-39"
"1","1","female",26,0,0,78.85,"S",39.425,1,"0","18-39"
"1","1","female",33,1,0,90,"Q",45,2,"0","18-39"
"0","1","male",44,2,0,90,"Q",45,3,"0","40-54"
"1","1","female",35,1,0,90,"S",45,2,"0","18-39"
"1","1","male",38,1,0,90,"S",45,2,"0","18-39"
"1","1","male",23,0,0,35.5,"S",35.5,1,"0","18-39"
"0","1","male",64,1,4,263,"S",65.75,6,"0","55-100"
"0","1","male",19,3,2,263,"S",65.75,6,"0","18-39"
"1","1","female",24,3,2,263,"S",65.75,6,"0","18-39"
"1","1","female",23,3,2,263,"S",65.75,6,"0","18-39"
"1","1","male",48,0,0,26.55,"S",26.55,1,"0","40-54"
"0","1","male",38,0,0,0,"S",0,1,"0","18-39"
"1","1","male",47,0,0,30.5,"S",30.5,1,"0","40-54"
"1","1","male",48,1,0,52,"S",26,2,"0","40-54"
"1","1","female",2,1,0,52,"S",26,2,"1","0-12"
"1","2","female",28,1,0,26,"S",26,2,"0","18-39"
"0","2","male",27,0,0,13,"S",13,1,"0","18-39"
"0","3","male",51,0,0,8.05,"S",8.05,1,"0","40-54"
"0","2","male",28,0,0,13.5,"S",13.5,1,"0","18-39"
"0","2","male",57,0,0,12.35,"Q",12.35,1,"0","55-100"
"0","2","male",27,0,0,13,"S",13,1,"0","18-39"
"1","2","female",48,1,2,65,"S",32.5,4,"0","40-54"
"1","2","female",24,1,2,65,"S",32.5,4,"0","18-39"
"0","3","male",18,0,0,8.3,"S",8.3,1,"0","13-17"
"1","2","female",45,0,0,13.5,"S",13.5,1,"0","40-54"
"1","2","female",19,0,0,12.35,"Q",12.35,1,"0","18-39"
"1","2","female",36,1,0,26,"S",26,2,"0","18-39"
"1","2","female",29,1,0,26,"S",26,2,"0","18-39"
"0","2","male",36,0,0,13,"S",13,1,"0","18-39"
"1","2","male",3,1,1,26,"S",8.66666666666667,3,"1","0-12"
"1","2","male",2,1,1,26,"S",8.66666666666667,3,"1","0-12"
"0","2","male",36.5,0,2,26,"S",8.66666666666667,3,"0","18-39"
"1","2","male",1,2,1,39,"S",19.5,4,"1","0-12"
"1","2","female",4,2,1,39,"S",19.5,4,"1","0-12"
"1","2","female",50,0,1,26,"S",13,2,"0","40-54"
"1","2","female",25,0,1,26,"S",13,2,"0","18-39"
"1","2","female",28,0,0,13,"S",13,1,"0","18-39"
"1","2","female",18,0,1,23,"S",11.5,2,"0","13-17"
"1","2","female",34,0,1,23,"S",11.5,2,"0","18-39"
"0","2","male",18,0,0,11.5,"S",11.5,1,"0","13-17"
"0","2","male",23,0,0,13,"S",13,1,"0","18-39"
"0","2","male",24,0,0,13,"S",13,1,"0","18-39"
"0","2","male",48,0,0,13,"S",13,1,"0","40-54"
"1","2","female",32,0,0,13,"S",13,1,"0","18-39"
"0","2","male",25,0,0,13,"S",13,1,"0","18-39"
"1","2","female",30,0,0,12.35,"Q",12.35,1,"0","18-39"
"0","2","male",18,0,0,13,"S",13,1,"0","13-17"
"1","2","female",42,0,0,13,"S",13,1,"0","40-54"
"0","2","male",25,1,0,26,"S",26,2,"0","18-39"
"0","2","male",59,0,0,13.5,"S",13.5,1,"0","55-100"
"0","2","male",47,0,0,15,"S",15,1,"0","40-54"
"1","2","female",28,0,0,13,"S",13,1,"0","18-39"
"0","2","female",38,0,0,13,"S",13,1,"0","18-39"
"1","2","female",14,1,0,30.0708,"C",15.0354,2,"0","13-17"
"0","2","male",32.5,1,0,30.0708,"C",15.0354,2,"0","18-39"
"1","2","female",25,1,1,30,"S",30,3,"0","18-39"
"1","2","male",42,0,0,13,"S",13,1,"0","40-54"
"0","2","male",3,0,0,0,"S",0,1,"1","0-12"
"0","2","male",35,0,0,0,"S",0,1,"0","18-39"
"0","2","male",28,0,0,0,"S",0,1,"0","18-39"
"0","2","male",18,0,0,0,"S",0,1,"0","13-17"
"0","2","male",38,0,0,0,"S",0,1,"0","18-39"
"0","2","male",44,0,0,0,"S",0,1,"0","40-54"
"0","2","male",16,0,0,26,"S",13,1,"0","13-17"
"0","2","male",35,0,0,26,"S",13,1,"0","18-39"
"1","2","female",28,0,0,12.65,"S",12.65,1,"0","18-39"
"1","1","female",29,0,0,211.3375,"S",70.4458333333333,1,"0","18-39"
"1","1","female",43,0,1,211.3375,"S",70.4458333333333,2,"0","40-54"
"1","1","female",15,0,1,211.3375,"S",70.4458333333333,2,"0","13-17"
"1","2","female",24,2,1,27,"S",13.5,4,"0","18-39"
"0","2","male",42,1,0,27,"S",13.5,2,"0","40-54"
"1","2","female",34,0,0,13,"S",13,1,"0","18-39"
"0","2","male",54,1,0,26,"S",13,2,"0","40-54"
"0","2","female",44,1,0,26,"S",13,2,"0","40-54"
"1","2","male",31,0,0,13,"S",13,1,"0","18-39"
"0","2","male",23,0,0,10.5,"S",10.5,1,"0","18-39"
"0","2","male",42,0,0,13,"S",13,1,"0","40-54"
"0","2","male",27,0,0,26,"S",26,1,"0","18-39"
"0","2","male",25,0,0,13,"S",13,1,"0","18-39"
"0","2","male",34,1,0,26,"S",13,2,"0","18-39"
"1","2","female",24,1,0,26,"S",13,2,"0","18-39"
"1","2","male",43,0,0,13,"S",13,1,"0","40-54"
"1","2","male",34,0,0,13,"S",13,1,"0","18-39"
"1","2","female",55,0,0,16,"S",16,1,"0","40-54"
"0","2","male",39,0,0,13,"S",13,1,"0","18-39"
"1","2","female",6,0,1,33,"S",11,2,"1","0-12"
"1","2","female",18,0,0,33,"S",11,1,"0","13-17"
"0","2","male",28,0,1,33,"S",11,2,"0","18-39"
"0","2","male",52,0,0,13.5,"S",13.5,1,"0","40-54"
"1","2","female",24,0,0,13,"S",13,1,"0","18-39"
"1","2","male",0.83,0,2,29,"S",14.5,3,"1","0-12"
"1","2","female",22,1,1,29,"S",14.5,3,"0","18-39"
"0","2","male",28,0,0,13,"S",13,1,"0","18-39"
"0","2","female",24,0,0,13,"S",13,1,"0","18-39"
"0","2","male",50,0,0,13,"S",13,1,"0","40-54"
"1","2","female",13,0,1,19.5,"S",9.75,2,"0","0-12"
"1","2","female",41,0,1,19.5,"S",9.75,2,"0","40-54"
"0","2","male",30,0,0,13,"S",13,1,"0","18-39"
"0","2","male",34,0,0,13,"S",6.5,1,"0","18-39"
"0","2","male",52,0,0,13,"S",6.5,1,"0","40-54"
"1","2","female",30,0,0,13,"S",13,1,"0","18-39"
"1","2","male",0.67,1,1,14.5,"S",7.25,3,"1","0-12"
"1","2","female",24,0,2,14.5,"S",7.25,3,"0","18-39"
"0","2","female",26,1,1,26,"S",26,3,"0","18-39"
"1","2","female",18,0,2,13,"S",13,3,"0","13-17"
"0","2","male",30,0,0,13,"S",13,1,"0","18-39"
"1","2","female",19,0,0,26,"S",13,1,"0","18-39"
"0","2","male",39,0,0,26,"S",13,1,"0","18-39"
"1","3","male",22,0,0,7.225,"C",7.225,1,"0","18-39"
"0","3","male",40,0,0,7.225,"C",7.225,1,"0","18-39"
"0","3","male",32,0,0,7.225,"C",7.225,1,"0","18-39"
"1","3","male",0.42,0,1,8.5167,"C",8.5167,2,"1","0-12"
"1","3","female",41,0,0,7.2292,"C",7.2292,1,"0","40-54"
"0","3","female",17,0,0,14.4583,"C",7.22915,1,"0","13-17"
"0","3","male",16,0,0,14.4583,"C",7.22915,1,"0","13-17"
"0","3","male",45.5,0,0,7.225,"C",7.225,1,"0","40-54"
"0","3","male",21,0,0,7.2292,"C",7.2292,1,"0","18-39"
"0","3","male",27,0,0,7.225,"C",7.225,1,"0","18-39"
"1","2","female",2,1,1,26,"S",13,3,"1","0-12"
"1","2","female",33,0,2,26,"S",13,3,"0","18-39"
"0","3","male",32,0,0,7.2292,"C",7.2292,1,"0","18-39"
"0","3","male",17,0,0,7.225,"C",7.225,1,"0","13-17"
"0","3","male",20,0,0,4.0125,"C",4.0125,1,"0","18-39"
"1","3","female",24,0,0,7.225,"C",7.225,1,"0","18-39"
"1","3","female",29,0,2,15.2458,"C",15.2458,3,"0","18-39"
"1","3","male",12,1,0,11.2417,"C",5.62085,2,"0","0-12"
"1","3","female",14,1,0,11.2417,"C",5.62085,2,"0","13-17"
"1","3","male",20,1,1,15.7417,"C",7.87085,3,"0","18-39"
"1","3","female",1,0,2,15.7417,"C",7.87085,3,"1","0-12"
"1","3","female",15,1,0,14.4542,"C",7.2271,2,"0","13-17"
"0","3","male",27,1,0,14.4542,"C",7.2271,2,"0","18-39"
"1","3","male",20,1,1,15.2458,"C",7.6229,3,"0","18-39"
"1","3","male",10,1,1,15.2458,"C",7.6229,3,"0","0-12"
"0","3","male",36,2,0,21.6792,"C",21.6792,3,"0","18-39"
"1","3","male",20,0,0,7.2292,"C",7.2292,1,"0","18-39"
"0","3","male",40.5,0,0,7.225,"C",7.225,1,"0","40-54"
"0","3","female",19,1,0,14.4542,"C",7.2271,2,"0","18-39"
"0","3","female",14.5,1,0,14.4542,"C",7.2271,2,"0","13-17"
"1","3","female",5,2,1,19.2583,"C",4.814575,4,"1","0-12"
"1","3","female",24,0,3,19.2583,"C",4.814575,4,"0","18-39"
"1","3","female",0.75,2,1,19.2583,"C",4.814575,4,"1","0-12"
"1","3","female",0.75,2,1,19.2583,"C",4.814575,4,"1","0-12"
"1","3","female",15,0,0,7.225,"C",7.225,1,"0","13-17"
"1","3","female",25,0,2,22.3583,"C",11.17915,3,"0","18-39"
"1","3","female",26,1,1,22.3583,"C",11.17915,3,"0","18-39"
"0","3","male",22,0,0,7.2292,"C",7.2292,1,"0","18-39"
"0","2","male",44,1,0,26,"S",26,2,"0","40-54"
"0","3","male",0.75,0,0,7.2292,"C",7.2292,1,"1","0-12"
"0","3","male",25,0,0,7.225,"C",7.225,1,"0","18-39"
"0","3","male",26,0,0,7.225,"C",7.225,1,"0","18-39"
"1","3","male",28,0,0,7.2292,"C",7.2292,1,"0","18-39"
"0","3","female",9,1,1,15.2458,"C",7.6229,3,"0","0-12"
"0","3","female",49,0,2,15.2458,"C",7.6229,3,"0","40-54"
"0","3","male",26,1,0,14.4542,"C",14.4542,2,"0","18-39"
"0","3","male",34.5,0,0,6.4375,"C",6.4375,1,"0","18-39"
"0","3","male",30,0,0,7.2292,"C",7.2292,1,"0","18-39"
"0","3","male",27,0,0,7.2292,"C",7.2292,1,"0","18-39"
"1","3","female",13,0,0,7.2292,"C",7.2292,1,"0","0-12"
"0","3","female",61,1,0,14.4583,"C",14.4583,2,"0","55-100"
"0","3","male",17,1,1,7.2292,"C",7.2292,3,"0","13-17"
"0","3","female",18,0,1,14.4542,"C",7.2271,2,"0","13-17"
"0","3","female",45,0,1,14.4542,"C",7.2271,2,"0","40-54"
"0","3","male",23.5,0,0,7.2292,"C",7.2292,1,"0","18-39"
"0","3","male",30,0,0,7.225,"C",7.225,1,"0","18-39"
"0","3","male",15,1,1,7.2292,"C",7.2292,3,"0","13-17"
"0","3","male",28.5,0,0,7.2292,"C",7.2292,1,"0","18-39"
"0","3","male",11,0,0,18.7875,"C",9.39375,1,"0","0-12"
"1","3","male",26,0,0,18.7875,"C",9.39375,1,"0","18-39"
"0","3","male",36,0,0,7.2292,"C",7.2292,1,"0","18-39"
"1","1","male",80,0,0,30,"S",30,1,"0","55-100"
"1","2","female",32.5,0,0,13,"S",13,1,"0","18-39"
"1","2","female",36,0,0,13,"S",13,1,"0","18-39"
"0","2","male",21,1,0,11.5,"S",11.5,2,"0","18-39"
"0","2","male",35,0,0,10.5,"S",10.5,1,"0","18-39"
"0","2","male",39,0,0,13,"S",13,1,"0","18-39"
"1","2","female",34,1,1,32.5,"S",32.5,3,"0","18-39"
"0","2","male",30,0,0,13,"S",13,1,"0","18-39"
"0","2","male",54,0,0,26,"S",13,1,"0","40-54"
"0","2","male",46,0,0,26,"S",13,1,"0","40-54"
"0","2","male",19,0,0,13,"S",13,1,"0","18-39"
"0","2","male",23,0,0,13,"S",13,1,"0","18-39"
"1","2","female",36,0,0,13,"S",13,1,"0","18-39"
"0","2","male",34,1,0,21,"S",21,2,"0","18-39"
"0","2","male",19,0,0,10.5,"S",10.5,1,"0","18-39"
"0","2","male",54,0,0,14,"S",14,1,"0","40-54"
"1","2","female",19,1,0,26,"S",13,2,"0","18-39"
"1","2","male",32,1,0,26,"S",13,2,"0","18-39"
"1","2","female",4,1,1,23,"S",23,3,"1","0-12"
"0","2","male",23,2,1,11.5,"S",11.5,4,"0","18-39"
"1","2","female",54,1,3,23,"S",23,5,"0","40-54"
"1","2","female",24,2,3,18.75,"S",6.25,6,"0","18-39"
"1","2","male",3,1,1,18.75,"S",6.25,3,"1","0-12"
"1","2","male",0.83,1,1,18.75,"S",6.25,3,"1","0-12"
"0","2","male",18,0,0,11.5,"S",11.5,1,"0","13-17"
"1","2","female",29,1,0,26,"S",26,2,"0","18-39"
"0","2","male",60,1,1,39,"S",19.5,3,"0","55-100"
"1","2","female",40,1,1,39,"S",19.5,3,"0","18-39"
"0","2","male",23,0,0,13,"S",13,1,"0","18-39"
"0","3","male",34,0,0,6.4958,"S",6.4958,1,"0","18-39"
"1","3","female",18,0,0,7.4958,"S",7.4958,1,"0","13-17"
"0","3","male",18,1,0,6.4958,"S",6.4958,2,"0","13-17"
"0","3","male",37,2,0,7.925,"S",7.925,3,"0","18-39"
"0","3","male",28,2,0,7.925,"S",7.925,3,"0","18-39"
"0","3","male",32,1,0,15.85,"S",7.925,2,"0","18-39"
"1","3","female",33,3,0,15.85,"S",7.925,4,"0","18-39"
"1","3","female",17,4,2,7.925,"S",7.925,7,"0","13-17"
"0","3","male",7,4,1,39.6875,"S",6.61458333333333,6,"1","0-12"
"0","3","male",2,4,1,39.6875,"S",6.61458333333333,6,"1","0-12"
"0","3","male",14,4,1,39.6875,"S",6.61458333333333,6,"0","13-17"
"0","3","female",41,0,5,39.6875,"S",6.61458333333333,6,"0","40-54"
"0","3","male",16,4,1,39.6875,"S",6.61458333333333,6,"0","13-17"
"0","3","male",1,4,1,39.6875,"S",6.61458333333333,6,"1","0-12"
"0","3","male",39,0,0,7.925,"S",7.925,1,"0","18-39"
"1","3","female",2,0,1,12.2875,"S",12.2875,2,"1","0-12"
"0","2","male",34,1,0,21,"S",10.5,2,"0","18-39"
"1","2","female",30,3,0,21,"S",10.5,4,"0","18-39"
"0","2","male",26,0,0,10.5,"S",10.5,1,"0","18-39"
"1","3","male",43,0,0,7.775,"S",7.775,1,"0","40-54"
"0","3","male",21,0,0,7.775,"S",7.775,1,"0","18-39"
"0","3","male",23,0,0,7.775,"S",7.775,1,"0","18-39"
"1","2","female",40,0,0,13,"S",13,1,"0","18-39"
"0","3","male",45,0,0,8.6625,"S",8.6625,1,"0","40-54"
"0","3","male",29,0,0,7.875,"S",7.875,1,"0","18-39"
"0","3","female",30,0,0,8.6625,"S",8.6625,1,"0","18-39"
"0","3","male",17,0,0,8.6625,"S",8.6625,1,"0","13-17"
"0","3","male",42,0,0,8.6625,"S",8.6625,1,"0","40-54"
"0","3","male",38,0,0,8.6625,"S",8.6625,1,"0","18-39"
"0","3","male",17,0,0,8.6625,"S",8.6625,1,"0","13-17"
"0","3","male",17,0,0,8.6625,"S",8.6625,1,"0","13-17"
"0","3","male",20,0,0,8.6625,"S",8.6625,1,"0","18-39"
"0","3","female",20,0,0,8.6625,"S",8.6625,1,"0","18-39"
"0","3","male",21,0,0,8.6625,"S",8.6625,1,"0","18-39"
"1","3","male",27,0,0,8.6625,"S",8.6625,1,"0","18-39"
"0","3","male",26,2,0,8.6625,"S",8.6625,3,"0","18-39"
"1","3","female",4,0,2,22.025,"S",22.025,3,"1","0-12"
"0","3","male",32,0,0,7.25,"S",7.25,1,"0","18-39"
"0","3","male",19,0,0,8.05,"S",8.05,1,"0","18-39"
"0","3","male",22,0,0,8.05,"S",8.05,1,"0","18-39"
"0","3","male",1,0,0,8.4583,"Q",8.4583,1,"1","0-12"
"0","3","female",59,0,0,7.6292,"Q",7.6292,1,"0","55-100"
"1","3","female",33,0,0,7.8292,"Q",7.8292,1,"0","18-39"
"1","3","female",15,0,0,8.0292,"Q",8.0292,1,"0","13-17"
"1","3","female",26,0,0,7.8792,"Q",7.8792,1,"0","18-39"
"1","3","female",26,0,0,7.7875,"Q",7.7875,1,"0","18-39"
"0","3","female",29,0,0,8.1375,"Q",8.1375,1,"0","18-39"
"1","3","female",19,0,0,7.8792,"Q",7.8792,1,"0","18-39"
"1","3","female",26,0,0,7.8792,"Q",7.8792,1,"0","18-39"
"0","3","male",25,0,0,7.8292,"Q",7.8292,1,"0","18-39"
"1","3","female",35,0,0,7.8792,"Q",7.8792,1,"0","18-39"
"0","3","male",16,0,0,7.7333,"Q",7.7333,1,"0","13-17"
"0","3","male",31,0,0,7.75,"Q",7.75,1,"0","18-39"
"1","3","female",50,0,0,7.75,"Q",7.75,1,"0","40-54"
"1","1","male",4,0,2,81.8583,"S",81.8583,3,"1","0-12"
"0","3","male",65,0,0,7.75,"Q",7.75,1,"0","55-100"
"0","3","male",44,0,0,8.7125,"C",8.7125,1,"0","40-54"
"0","3","male",26,0,0,8.05,"S",8.05,1,"0","18-39"
"1","2","female",27,0,0,10.5,"S",10.5,1,"0","18-39"
"0","3","male",24.5,0,0,8.05,"S",8.05,1,"0","18-39"
"0","3","female",22,0,0,8.05,"S",8.05,1,"0","18-39"
"1","3","female",21,0,0,7.65,"S",7.65,1,"0","18-39"
"0","3","male",24,0,0,8.05,"S",8.05,1,"0","18-39"
"0","3","male",29,0,0,8.05,"S",8.05,1,"0","18-39"
"0","3","male",61,0,0,6.2375,"S",6.2375,1,"0","55-100"
"1","3","female",36,1,0,17.4,"S",17.4,2,"0","18-39"
"0","3","female",31,1,0,18,"S",18,2,"0","18-39"
"0","3","female",18,2,0,18,"S",9,3,"0","13-17"
"0","3","male",16,2,0,18,"S",9,3,"0","13-17"
"0","3","male",47,0,0,9,"S",9,1,"0","40-54"
"0","3","male",22,0,0,9,"S",9,1,"0","18-39"
"0","3","male",20,0,0,9.5,"S",9.5,1,"0","18-39"
"0","3","male",28,0,0,9.5,"S",9.5,1,"0","18-39"
"0","3","female",10,0,2,24.15,"S",8.05,3,"0","0-12"
"0","3","male",36,1,1,24.15,"S",8.05,3,"0","18-39"
"0","3","female",30,1,1,24.15,"S",8.05,3,"0","18-39"
"1","3","male",30,0,0,9.5,"S",9.5,1,"0","18-39"
"0","3","male",21,0,0,9.5,"S",9.5,1,"0","18-39"
"0","3","male",16,0,0,9.5,"S",9.5,1,"0","13-17"
"1","3","male",29,0,0,9.5,"S",9.5,1,"0","18-39"
"0","3","male",33,0,0,9.5,"S",9.5,1,"0","18-39"
"0","3","male",24,0,0,9.5,"S",9.5,1,"0","18-39"
"0","3","male",28,0,0,9.5,"S",9.5,1,"0","18-39"
"0","3","male",29,1,0,7.0458,"S",7.0458,2,"0","18-39"
"0","3","female",29,1,1,10.4625,"S",5.23125,3,"0","18-39"
"0","3","female",2,0,1,10.4625,"S",5.23125,2,"1","0-12"
"0","3","male",74,0,0,7.775,"S",7.775,1,"0","55-100"
"0","3","male",45,0,0,6.975,"S",6.975,1,"0","40-54"
"0","3","male",33,0,0,7.775,"S",7.775,1,"0","18-39"
"0","3","male",31,0,0,7.775,"S",7.775,1,"0","18-39"
"0","3","male",51,0,0,7.75,"S",7.75,1,"0","40-54"
"0","3","male",29,0,0,7.775,"S",7.775,1,"0","18-39"
"0","3","male",26,0,0,7.775,"S",7.775,1,"0","18-39"
"0","3","male",19,0,0,7.775,"S",7.775,1,"0","18-39"
"0","3","female",25,0,0,7.775,"S",7.775,1,"0","18-39"
"0","3","female",45,0,0,7.75,"S",7.75,1,"0","40-54"
"0","3","male",16,0,0,7.775,"S",7.775,1,"0","13-17"
"0","3","male",25,1,0,7.775,"S",7.775,2,"0","18-39"
"1","3","female",38,1,5,31.3875,"S",7.846875,7,"0","18-39"
"1","3","male",3,4,2,31.3875,"S",7.846875,7,"1","0-12"
"1","3","female",5,4,2,31.3875,"S",7.846875,7,"1","0-12"
"0","3","male",9,4,2,31.3875,"S",7.846875,7,"0","0-12"
"0","3","male",18,0,0,7.75,"S",7.75,1,"0","13-17"
"0","3","male",34,1,1,14.4,"S",7.2,3,"0","18-39"
"0","3","female",28,1,1,14.4,"S",7.2,3,"0","18-39"
"1","3","female",22,0,0,7.75,"S",7.75,1,"0","18-39"
"0","3","female",11,4,2,31.275,"S",4.46785714285714,7,"0","0-12"
"0","3","female",2,4,2,31.275,"S",4.46785714285714,7,"1","0-12"
"0","3","male",39,1,5,31.275,"S",4.46785714285714,7,"0","18-39"
"0","3","female",39,1,5,31.275,"S",4.46785714285714,7,"0","18-39"
"0","3","female",9,4,2,31.275,"S",4.46785714285714,7,"0","0-12"
"0","3","male",4,4,2,31.275,"S",4.46785714285714,7,"1","0-12"
"0","3","female",6,4,2,31.275,"S",4.46785714285714,7,"1","0-12"
"1","3","male",25,1,0,7.775,"S",7.775,2,"0","18-39"
"1","3","female",22,0,0,7.775,"S",7.775,1,"0","18-39"
"0","3","female",18,0,0,7.775,"S",7.775,1,"0","13-17"
"0","3","male",40,1,4,27.9,"S",4.65,6,"0","18-39"
"0","3","female",45,1,4,27.9,"S",4.65,6,"0","40-54"
"0","3","male",4,3,2,27.9,"S",4.65,6,"1","0-12"
"0","3","male",10,3,2,27.9,"S",4.65,6,"0","0-12"
"0","3","female",2,3,2,27.9,"S",4.65,6,"1","0-12"
"0","3","female",9,3,2,27.9,"S",4.65,6,"0","0-12"
"1","3","male",27,0,0,6.975,"S",6.975,1,"0","18-39"
"0","3","male",26,0,0,7.8875,"S",7.8875,1,"0","18-39"
"0","3","male",28,0,0,7.8542,"S",7.8542,1,"0","18-39"
"0","3","male",20,0,0,7.8542,"S",7.8542,1,"0","18-39"
"0","3","male",23,0,0,7.8542,"S",7.8542,1,"0","18-39"
"1","3","female",26,0,0,7.8542,"S",7.8542,1,"0","18-39"
"1","3","male",4,1,1,11.1333,"S",3.7111,3,"1","0-12"
"1","3","female",27,0,2,11.1333,"S",3.7111,3,"0","18-39"
"1","3","female",1,1,1,11.1333,"S",3.7111,3,"1","0-12"
"0","3","male",51,0,0,7.0542,"S",7.0542,1,"0","40-54"
"0","3","male",42,0,0,7.65,"S",7.65,1,"0","40-54"
"0","3","male",25,0,0,7.65,"S",7.65,1,"0","18-39"
"0","3","male",19,0,0,7.65,"S",7.65,1,"0","18-39"
"0","3","male",7,0,0,7.8958,"S",7.8958,1,"1","0-12"
"0","3","male",25,0,0,7.8958,"S",7.8958,1,"0","18-39"
"0","3","male",23,0,0,7.8958,"S",7.8958,1,"0","18-39"
"0","3","male",19,0,0,7.8958,"S",7.8958,1,"0","18-39"
"0","3","male",22,0,0,7.8958,"S",7.8958,1,"0","18-39"
"0","3","male",28,0,0,7.8958,"S",7.8958,1,"0","18-39"
"0","3","male",25,0,0,7.8958,"S",7.8958,1,"0","18-39"
"0","3","male",24,0,0,7.4958,"S",7.4958,1,"0","18-39"
"0","3","male",36,0,0,7.4958,"S",7.4958,1,"0","18-39"
"0","3","male",19,0,0,7.8958,"S",7.8958,1,"0","18-39"
"0","3","male",35,0,0,7.8958,"C",7.8958,1,"0","18-39"
"0","3","male",20,0,0,7.8958,"S",7.8958,1,"0","18-39"
"0","3","male",33,0,0,7.8958,"S",7.8958,1,"0","18-39"
"0","3","male",18,0,0,7.8958,"S",7.8958,1,"0","13-17"
"0","3","male",35,0,0,7.8958,"S",7.8958,1,"0","18-39"
"0","3","male",31,0,0,7.8958,"S",7.8958,1,"0","18-39"
"0","3","male",27,0,0,7.8958,"S",7.8958,1,"0","18-39"
"0","3","male",16,0,0,7.8958,"S",7.8958,1,"0","13-17"
"0","3","male",26,0,0,7.8958,"S",7.8958,1,"0","18-39"
"0","3","male",47,0,0,7.8958,"S",7.8958,1,"0","40-54"
"0","3","male",26,0,0,7.8958,"S",7.8958,1,"0","18-39"
"0","3","male",20,0,0,7.8958,"S",7.8958,1,"0","18-39"
"0","3","male",21,0,0,7.8958,"S",7.8958,1,"0","18-39"
"0","3","male",19,0,0,10.1708,"S",10.1708,1,"0","18-39"
"0","3","male",19,0,0,7.8958,"S",7.8958,1,"0","18-39"
"0","3","male",24,0,0,7.8958,"S",7.8958,1,"0","18-39"
"0","3","male",9,0,0,7.8958,"S",7.8958,1,"0","0-12"
"0","3","female",24,0,0,8.85,"S",8.85,1,"0","18-39"
"0","3","male",25,1,0,17.8,"S",8.9,2,"0","18-39"
"0","3","female",18,1,0,17.8,"S",8.9,2,"0","13-17"
"0","3","male",33,0,0,8.6625,"C",8.6625,1,"0","18-39"
"1","3","male",29,0,0,7.8958,"C",7.8958,1,"0","18-39"
"0","3","male",33,0,0,7.8958,"C",7.8958,1,"0","18-39"
"0","3","male",32,0,0,7.8958,"S",7.8958,1,"0","18-39"
"0","3","male",28,0,0,7.8958,"S",7.8958,1,"0","18-39"
"1","3","female",31,0,0,8.6833,"S",8.6833,1,"0","18-39"
"0","3","female",28,0,0,7.8958,"S",7.8958,1,"0","18-39"
"0","3","male",30,0,0,7.8958,"S",7.8958,1,"0","18-39"
"0","3","male",36,0,0,7.8958,"S",7.8958,1,"0","18-39"
"0","3","male",26,0,0,7.8958,"S",7.8958,1,"0","18-39"
"0","3","male",38,0,0,7.8958,"S",7.8958,1,"0","18-39"
"0","3","male",40,0,0,7.8958,"S",7.8958,1,"0","18-39"
"0","3","male",22,0,0,7.8958,"S",7.8958,1,"0","18-39"
"0","3","male",22,0,0,7.8958,"C",7.8958,1,"0","18-39"
"0","3","male",44,0,0,7.8958,"C",7.8958,1,"0","40-54"
"1","3","female",4,0,1,13.4167,"C",13.4167,2,"1","0-12"
"0","3","male",33,0,0,7.8958,"S",7.8958,1,"0","18-39"
"0","3","male",2,3,1,21.075,"S",5.26875,5,"1","0-12"
"0","3","female",29,0,4,21.075,"S",5.26875,5,"0","18-39"
"0","3","female",3,3,1,21.075,"S",5.26875,5,"1","0-12"
"0","3","female",8,3,1,21.075,"S",5.26875,5,"1","0-12"
"0","3","male",36,1,0,15.55,"S",15.55,2,"0","18-39"
"0","3","male",18,0,0,7.775,"S",7.775,1,"0","13-17"
"0","3","male",26,1,0,7.8542,"S",7.8542,2,"0","18-39"
"0","3","male",41,2,0,14.1083,"S",14.1083,3,"0","40-54"
"0","3","male",21,0,0,7.8542,"S",7.8542,1,"0","18-39"
"1","3","male",21,0,0,7.7958,"S",7.7958,1,"0","18-39"
"0","3","male",24,0,0,7.7958,"S",7.7958,1,"0","18-39"
"0","3","male",18,0,0,7.7958,"S",7.7958,1,"0","13-17"
"0","3","male",28,0,0,7.7958,"S",7.7958,1,"0","18-39"
"1","3","male",27,0,0,7.7958,"S",7.7958,1,"0","18-39"
"1","3","female",19,1,0,7.8542,"S",7.8542,2,"0","18-39"
"0","3","male",48,0,0,7.8542,"S",7.8542,1,"0","40-54"
"0","3","male",17,1,0,7.0542,"S",7.0542,2,"0","13-17"
"0","3","male",20,0,0,7.8542,"S",7.8542,1,"0","18-39"
"0","3","male",22,0,0,7.7958,"S",7.7958,1,"0","18-39"
"0","3","male",22,0,0,7.5208,"S",7.5208,1,"0","18-39"
"0","3","male",18,1,1,7.8542,"S",7.8542,3,"0","13-17"
"0","3","female",14,0,0,7.8542,"S",7.8542,1,"0","13-17"
"0","3","female",31,0,0,7.8542,"S",7.8542,1,"0","18-39"
"1","3","male",32,0,0,7.8542,"S",7.8542,1,"0","18-39"
"0","1","male",58,0,2,113.275,"C",37.7583333333333,3,"0","55-100"
"1","1","female",31,1,0,113.275,"C",37.7583333333333,2,"0","18-39"
"1","1","female",23,1,0,113.275,"C",37.7583333333333,2,"0","18-39"
"0","1","male",54,0,1,77.2875,"S",38.64375,2,"0","40-54"
"0","1","male",21,0,1,77.2875,"S",38.64375,2,"0","18-39"
"1","3","female",16,0,0,7.7333,"Q",7.7333,1,"0","13-17"
"1","3","female",21,0,0,7.7333,"Q",7.7333,1,"0","18-39"
"0","3","male",19,0,0,14.5,"S",7.25,1,"0","18-39"
"0","3","male",2,0,0,14.5,"S",7.25,1,"1","0-12"
"0","3","male",42,0,0,7.725,"Q",7.725,1,"0","40-54"
"0","3","male",39,0,0,7.25,"S",7.25,1,"0","18-39"
"0","3","male",33,1,1,20.525,"S",6.84166666666667,3,"0","18-39"
"1","3","male",9,0,2,20.525,"S",6.84166666666667,3,"0","0-12"
"1","3","female",31,1,1,20.525,"S",6.84166666666667,3,"0","18-39"
"0","3","male",34,0,0,8.05,"S",8.05,1,"0","18-39"
"0","3","male",44,0,0,8.05,"S",8.05,1,"0","40-54"
"0","3","male",31,0,0,14.5,"S",14.5,1,"0","18-39"
"0","3","male",30.5,0,0,8.05,"S",8.05,1,"0","18-39"
"0","3","male",59,0,0,7.25,"S",7.25,1,"0","55-100"
"0","3","male",34,0,0,8.05,"S",8.05,1,"0","18-39"
"0","3","male",44,0,0,8.05,"S",8.05,1,"0","40-54"
"0","3","male",35,0,0,8.05,"S",8.05,1,"0","18-39"
"1","3","female",5,0,0,12.475,"S",6.2375,1,"1","0-12"
"1","3","female",30,0,0,12.475,"S",6.2375,1,"0","18-39"
"0","3","female",21,0,0,7.75,"Q",7.75,1,"0","18-39"
"0","3","female",20,0,2,7.75,"Q",7.75,3,"0","18-39"
"0","3","female",32,1,1,15.5,"Q",7.75,3,"0","18-39"
"0","3","male",40,1,1,15.5,"Q",7.75,3,"0","18-39"
"0","3","female",30.5,0,0,7.75,"Q",7.75,1,"0","18-39"
"0","3","male",35,0,0,7.75,"Q",7.75,1,"0","18-39"
"0","3","male",19,0,0,6.75,"Q",6.75,1,"0","18-39"
"0","3","female",18,0,0,6.75,"Q",6.75,1,"0","13-17"
"0","3","male",29,0,0,15.5,"Q",15.5,1,"0","18-39"
"1","3","male",33,2,0,23.25,"Q",11.625,3,"0","18-39"
"1","3","female",25,2,0,23.25,"Q",11.625,3,"0","18-39"
"1","3","male",24.5,0,0,7.75,"Q",7.75,1,"0","18-39"
"0","3","male",39,1,0,7.75,"Q",7.75,2,"0","18-39"
"1","3","female",62,1,0,15.5,"Q",7.75,2,"0","55-100"
"1","3","female",25,1,0,15.5,"Q",7.75,2,"0","18-39"
"1","3","female",16,0,0,7.75,"Q",7.75,1,"0","13-17"
"0","3","male",40.5,0,0,7.75,"Q",7.75,1,"0","40-54"
"0","3","male",43,0,0,7.7292,"Q",7.7292,1,"0","40-54"
"0","3","male",28,0,0,6.95,"Q",6.95,1,"0","18-39"
"0","3","male",25,0,0,7.7417,"Q",7.7417,1,"0","18-39"
"0","3","male",32,0,0,7.7375,"Q",7.7375,1,"0","18-39"
"1","3","female",37,0,0,7.7375,"Q",7.7375,1,"0","18-39"
"0","3","male",40.5,0,0,7.75,"Q",7.75,1,"0","40-54"
"1","1","female",31,0,2,164.8667,"S",82.43335,3,"0","18-39"
"1","1","female",45,1,1,164.8667,"S",82.43335,3,"0","40-54"
"1","1","female",54,1,0,78.2667,"C",39.13335,2,"0","40-54"
"1","1","female",52,1,0,78.2667,"C",39.13335,2,"0","40-54"
"0","1","male",61,0,0,32.3208,"S",32.3208,1,"0","55-100"
"0","1","male",47,0,0,34.0208,"S",34.0208,1,"0","40-54"
"1","1","female",35,1,0,83.475,"S",41.7375,2,"0","18-39"
"0","1","male",45,1,0,83.475,"S",41.7375,2,"0","40-54"
"0","3","male",18,1,1,20.2125,"S",10.10625,3,"0","13-17"
"0","3","female",41,0,2,20.2125,"S",10.10625,3,"0","40-54"
"0","3","male",26,1,0,15.5,"Q",7.75,2,"0","18-39"
"1","3","female",19,1,0,15.5,"Q",7.75,2,"0","18-39"
"0","3","male",70.5,0,0,7.75,"Q",7.75,1,"0","55-100"
"1","3","female",38,0,0,7.75,"Q",7.75,1,"0","18-39"
"0","3","male",19,1,0,15.5,"Q",15.5,2,"0","18-39"
"0","3","male",38,0,0,7.75,"Q",7.75,1,"0","18-39"
"1","3","female",22,0,0,7.75,"Q",7.75,1,"0","18-39"
"1","3","female",30,0,0,7.75,"Q",7.75,1,"0","18-39"
"0","3","male",32,0,0,7.75,"Q",7.75,1,"0","18-39"
"0","3","male",24,0,0,7.75,"Q",7.75,1,"0","18-39"
"0","3","male",65,0,0,7.75,"Q",7.75,1,"0","55-100"
"0","3","male",31,1,0,24.15,"Q",8.05,2,"0","18-39"
"0","3","male",21,0,0,24.15,"Q",8.05,1,"0","18-39"
"1","3","female",21,1,0,24.15,"Q",8.05,2,"0","18-39"
"0","3","male",44,0,1,16.1,"S",16.1,2,"0","40-54"
"0","3","male",25,0,0,7.75,"Q",7.75,1,"0","18-39"
"0","3","male",35,0,0,8.05,"S",8.05,1,"0","18-39"
"0","3","male",5,0,0,8.05,"S",8.05,1,"1","0-12"
"0","3","male",25,0,0,7.25,"S",7.25,1,"0","18-39"
"0","3","male",16,0,0,8.05,"S",8.05,1,"0","13-17"
"0","3","male",21,1,0,16.1,"S",8.05,2,"0","18-39"
"1","3","female",27,1,0,16.1,"S",8.05,2,"0","18-39"
"0","3","male",24,1,0,16.1,"S",16.1,2,"0","18-39"
"0","3","female",18,0,0,7.75,"Q",7.75,1,"0","13-17"
"1","3","male",29,0,0,7.75,"Q",7.75,1,"0","18-39"
"0","3","male",7,4,1,29.125,"Q",5.825,6,"1","0-12"
"0","3","male",4,4,1,29.125,"Q",5.825,6,"1","0-12"
"0","3","male",8,4,1,29.125,"Q",5.825,6,"1","0-12"
"0","3","male",2,4,1,29.125,"Q",5.825,6,"1","0-12"
"0","3","female",39,0,5,29.125,"Q",5.825,6,"0","18-39"
"0","3","male",24,0,0,7.75,"Q",7.75,1,"0","18-39"
"0","3","male",24,0,0,7.75,"Q",7.75,1,"0","18-39"
"1","3","female",29,1,0,16.1,"S",16.1,2,"0","18-39"
"1","3","female",18,0,1,9.35,"S",9.35,2,"0","13-17"
"0","3","male",32,0,0,8.05,"S",8.05,1,"0","18-39"
"1","3","male",6,0,1,12.475,"S",6.2375,2,"1","0-12"
"1","3","female",27,0,1,12.475,"S",6.2375,2,"0","18-39"
"0","3","male",15,0,0,6.8583,"Q",6.8583,1,"0","13-17"
"0","3","female",18,3,1,25.4667,"S",6.366675,5,"0","13-17"
"0","3","female",30,3,1,25.4667,"S",6.366675,5,"0","18-39"
"0","3","male",9,3,1,25.4667,"S",6.366675,5,"0","0-12"
"0","3","female",53,3,1,25.4667,"S",6.366675,5,"0","40-54"
"1","3","female",63,0,0,9.5875,"S",9.5875,1,"0","55-100"
"0","3","female",37,0,0,9.5875,"S",9.5875,1,"0","18-39"
"0","3","female",20,1,0,9.825,"S",9.825,2,"0","18-39"
"0","3","female",21,1,0,9.825,"S",9.825,2,"0","18-39"
"1","3","female",18,0,0,9.8417,"S",9.8417,1,"0","13-17"
"0","3","male",42,0,1,8.4042,"S",8.4042,2,"0","40-54"
"0","3","male",28.5,0,0,16.1,"S",8.05,1,"0","18-39"
"0","3","male",21,0,0,16.1,"S",8.05,1,"0","18-39"
"0","1","male",47,0,0,25.5875,"S",25.5875,1,"0","40-54"
"0","3","male",24,1,0,19.9667,"S",19.9667,2,"0","18-39"
"0","3","male",2,1,0,19.9667,"S",19.9667,2,"1","0-12"
"1","3","male",19,0,0,8.1125,"S",8.1125,1,"0","18-39"
"0","3","male",20,0,0,9.225,"S",9.225,1,"0","18-39"
"0","1","male",64,0,0,26,"S",26,1,"0","55-100"
"0","1","male",33,0,0,5,"S",5,1,"0","18-39"
"0","3","male",23,0,0,9.225,"S",9.225,1,"0","18-39"
"0","3","male",16,0,0,9.2167,"S",4.60835,1,"0","13-17"
"0","3","male",20,0,0,9.8458,"S",4.9229,1,"0","18-39"
"0","3","male",33,0,0,8.6542,"S",8.6542,1,"0","18-39"
"0","3","male",29,0,0,9.4833,"S",9.4833,1,"0","18-39"
"0","3","female",40,1,0,9.475,"S",9.475,2,"0","18-39"
"0","3","female",22,0,0,10.5167,"S",10.5167,1,"0","18-39"
"0","3","female",22,0,0,9.8375,"S",9.8375,1,"0","18-39"
"1","3","male",45,0,0,8.05,"S",8.05,1,"0","40-54"
"0","3","male",32,0,0,8.3625,"S",8.3625,1,"0","18-39"
"0","3","male",21,0,0,8.4333,"S",8.4333,1,"0","18-39"
"1","3","female",26,0,0,7.75,"Q",7.75,1,"0","18-39"
"0","3","male",21,0,0,8.05,"S",8.05,1,"0","18-39"
"0","3","male",2,0,0,8.05,"S",8.05,1,"1","0-12"
"0","3","male",55.5,0,0,8.05,"S",8.05,1,"0","55-100"
"0","3","male",30,0,0,8.05,"S",8.05,1,"0","18-39"
"0","3","male",21,0,0,8.05,"S",8.05,1,"0","18-39"
"0","3","male",39,0,0,24.15,"S",12.075,1,"0","18-39"
"0","3","male",24,2,0,24.15,"S",12.075,3,"0","18-39"
"0","3","male",16,0,0,8.05,"S",8.05,1,"0","13-17"
"0","3","male",42,0,0,7.25,"S",7.25,1,"0","40-54"
"0","3","male",21,0,0,7.8,"S",7.8,1,"0","18-39"
"0","3","male",22,1,0,7.25,"S",7.25,2,"0","18-39"
"0","3","male",22,0,0,7.25,"S",7.25,1,"0","18-39"
"0","3","male",20.5,0,0,7.25,"S",7.25,1,"0","18-39"
"0","3","male",22,0,0,7.25,"S",7.25,1,"0","18-39"
"0","3","male",28.5,0,0,8.05,"S",8.05,1,"0","18-39"
"0","3","male",26,0,0,8.05,"S",8.05,1,"0","18-39"
"0","3","male",43,0,0,8.05,"S",8.05,1,"0","40-54"
"1","3","male",18,0,0,8.05,"S",8.05,1,"0","13-17"
"0","3","male",50,0,0,8.05,"S",8.05,1,"0","40-54"
"0","3","male",47,0,0,7.25,"S",7.25,1,"0","40-54"
"1","3","male",19,0,0,8.05,"S",8.05,1,"0","18-39"
"0","3","male",21,0,0,7.7333,"Q",7.7333,1,"0","18-39"
"0","3","male",20,0,0,8.05,"S",8.05,1,"0","18-39"
"0","3","female",26,1,0,16.1,"S",8.05,2,"0","18-39"
"0","3","male",30,1,0,16.1,"S",8.05,2,"0","18-39"
"0","3","female",47,1,0,14.5,"S",14.5,2,"0","40-54"
"0","3","male",40.5,0,2,14.5,"S",14.5,3,"0","40-54"
"0","3","male",21,0,0,8.05,"S",8.05,1,"0","18-39"
"0","3","male",8,0,0,8.05,"S",8.05,1,"1","0-12"
"1","3","male",24,0,0,7.1417,"S",7.1417,1,"0","18-39"
"0","3","male",28,0,0,22.525,"S",22.525,1,"0","18-39"
"0","3","male",43,0,0,6.45,"S",6.45,1,"0","40-54"
"0","3","male",30,0,0,7.25,"S",7.25,1,"0","18-39"
"1","3","female",22,0,0,7.25,"S",7.25,1,"0","18-39"
"0","2","male",36,0,0,10.5,"S",10.5,1,"0","18-39"
"0","2","male",31,0,0,10.5,"S",10.5,1,"0","18-39"
"0","3","male",26,1,2,20.575,"S",10.2875,4,"0","18-39"
"1","3","male",1,1,2,20.575,"S",10.2875,4,"1","0-12"
"0","2","male",66,0,0,10.5,"S",10.5,1,"0","55-100"
"0","2","male",70,0,0,10.5,"S",10.5,1,"0","55-100"
"1","3","female",35,1,1,20.25,"S",10.125,3,"0","18-39"
"0","3","male",16,1,1,20.25,"S",10.125,3,"0","13-17"
"0","2","male",25,0,0,13,"S",13,1,"0","18-39"
"1","2","female",29,0,0,10.5,"S",10.5,1,"0","18-39"
"0","2","male",24,0,0,10.5,"S",10.5,1,"0","18-39"
"1","2","female",21,0,0,10.5,"S",10.5,1,"0","18-39"
"1","2","female",8,0,2,26.25,"S",8.75,3,"1","0-12"
"0","2","male",31,1,1,26.25,"S",8.75,3,"0","18-39"
"1","2","female",31,1,1,26.25,"S",8.75,3,"0","18-39"
"0","2","male",32,0,0,10.5,"S",10.5,1,"0","18-39"
"1","2","male",8,1,1,36.75,"S",18.375,3,"1","0-12"
"0","2","male",19,1,1,36.75,"S",18.375,3,"0","18-39"
"1","2","female",40,0,0,15.75,"S",15.75,1,"0","18-39"
"1","2","female",34,0,0,10.5,"S",10.5,1,"0","18-39"
"0","2","male",36,1,2,27.75,"S",9.25,4,"0","18-39"
"1","2","female",33,1,2,27.75,"S",9.25,4,"0","18-39"
"1","2","female",5,1,2,27.75,"S",9.25,4,"1","0-12"
"1","3","male",3,1,1,15.9,"S",7.95,3,"1","0-12"
"1","3","male",9,1,1,15.9,"S",7.95,3,"0","0-12"
"0","3","male",42,0,0,7.55,"S",7.55,1,"0","40-54"
"0","3","male",11,0,0,15.1,"S",15.1,1,"0","0-12"
"0","2","male",28,0,0,10.5,"S",10.5,1,"0","18-39"
"0","3","male",11,5,2,46.9,"S",7.81666666666667,8,"0","0-12"
"0","3","male",9,5,2,46.9,"S",7.81666666666667,8,"0","0-12"
"0","3","male",14,5,2,46.9,"S",7.81666666666667,8,"0","13-17"
"0","3","male",1,5,2,46.9,"S",7.81666666666667,8,"1","0-12"
"0","3","female",43,1,6,46.9,"S",7.81666666666667,8,"0","40-54"
"0","3","female",16,5,2,46.9,"S",7.81666666666667,8,"0","13-17"
"1","3","female",23,0,0,7.55,"S",7.55,1,"0","18-39"
"0","3","male",20,8,2,69.55,"S",9.93571428571429,11,"0","18-39"
"0","3","female",48,8,2,69.55,"S",9.93571428571429,11,"0","40-54"
"0","3","male",19,8,2,69.55,"S",9.93571428571429,11,"0","18-39"
"0","3","female",22,8,2,69.55,"S",9.93571428571429,11,"0","18-39"
"0","3","male",20,8,2,69.55,"S",9.93571428571429,11,"0","18-39"
"0","3","male",25,8,2,69.55,"S",9.93571428571429,11,"0","18-39"
"0","3","female",26,8,2,69.55,"S",9.93571428571429,11,"0","18-39"
"0","1","male",31,1,0,52,"S",52,2,"0","18-39"
"1","2","female",35,0,0,21,"S",21,1,"0","18-39"
"1","2","female",7,0,2,26.25,"S",8.75,3,"1","0-12"
"0","2","male",43,1,1,26.25,"S",8.75,3,"0","40-54"
"1","2","female",45,1,1,26.25,"S",8.75,3,"0","40-54"
"1","2","female",50,0,0,10.5,"S",10.5,1,"0","40-54"
"0","3","male",17,0,0,7.3125,"S",7.3125,1,"0","13-17"
"0","3","male",49,0,0,0,"S",0,1,"0","40-54"
"0","3","male",19,0,0,0,"S",0,1,"0","18-39"
"1","3","male",25,0,0,0,"S",0,1,"0","18-39"
"0","3","male",36,0,0,0,"S",0,1,"0","18-39"
"0","2","male",30,1,0,24,"C",12,2,"0","18-39"
"1","2","female",28,1,0,24,"C",12,2,"0","18-39"
"0","1","male",40,0,0,25.925,"S",25.925,1,"0","18-39"
"1","1","male",36,0,0,26.2875,"S",26.2875,1,"0","18-39"
"1","1","male",36,0,0,26.3875,"S",26.3875,1,"0","18-39"
"1","1","male",35,0,0,26.2875,"S",26.2875,1,"0","18-39"
"1","1","male",42,0,0,26.2875,"S",26.2875,1,"0","40-54"
"1","1","female",24,0,0,69.3,"C",34.65,1,"0","18-39"
"1","1","female",24,0,0,69.3,"C",34.65,1,"0","18-39"
"1","1","female",24,0,0,49.5042,"C",49.5042,1,"0","18-39"
"0","1","male",49,0,0,221.7792,"S",221.7792,1,"0","40-54"
"1","1","male",49,1,0,56.9292,"C",28.4646,2,"0","40-54"
"1","1","female",30,0,0,56.9292,"C",28.4646,1,"0","18-39"
"1","1","female",50,0,1,247.5208,"C",123.7604,2,"0","40-54"
"0","1","male",24,0,1,247.5208,"C",123.7604,2,"0","18-39"
"1","1","female",58,0,0,146.5208,"C",73.2604,1,"0","55-100"
"1","1","female",24,1,0,146.5208,"C",73.2604,2,"0","18-39"
"1","1","male",27,0,0,76.7292,"C",25.5764,1,"0","18-39"
"1","1","female",49,1,0,76.7292,"C",25.5764,2,"0","40-54"
"1","1","male",48,1,0,76.7292,"C",25.5764,2,"0","40-54"
"1","1","female",58,0,1,153.4625,"S",51.1541666666667,2,"0","55-100"
"1","1","female",40,0,0,153.4625,"S",51.1541666666667,1,"0","18-39"
"0","1","male",38,0,1,153.4625,"S",51.1541666666667,2,"0","18-39"
"1","1","female",22,0,0,79.2,"C",79.2,1,"0","18-39"
"0","1","male",31,0,0,50.4958,"S",50.4958,1,"0","18-39"
"1","1","female",16,0,1,39.4,"S",39.4,2,"0","13-17"
"0","1","male",46,0,0,79.2,"C",39.6,1,"0","40-54"
"0","1","male",24,0,0,79.2,"C",39.6,1,"0","18-39"
"0","1","female",50,0,0,28.7125,"C",28.7125,1,"0","40-54"
"0","1","male",37,0,1,29.7,"C",29.7,2,"0","18-39"
"0","1","male",51,0,1,61.3792,"C",61.3792,2,"0","40-54"
"1","1","female",38,1,0,71.2833,"C",71.2833,2,"0","18-39"
"0","1","male",50,0,0,30.6958,"C",30.6958,1,"0","40-54"
"0","1","male",40,0,0,27.7208,"C",27.7208,1,"0","18-39"
"1","1","female",54,1,0,59.4,"C",59.4,2,"0","40-54"
"0","1","male",28,1,0,82.1708,"C",41.0854,2,"0","18-39"
"1","1","female",35,1,0,82.1708,"C",41.0854,2,"0","18-39"
"0","1","male",32,0,0,27.7208,"C",27.7208,1,"0","18-39"
"1","1","female",21,2,2,262.375,"C",131.1875,5,"0","18-39"
"1","1","female",18,2,2,262.375,"C",131.1875,5,"0","13-17"
"0","1","male",71,0,0,49.5042,"C",49.5042,1,"0","55-100"
"1","1","female",44,0,0,27.7208,"C",27.7208,1,"0","40-54"
"1","1","male",50,2,0,133.65,"S",66.825,3,"0","40-54"
"1","1","female",32,1,0,133.65,"S",66.825,2,"0","18-39"
"0","1","male",6,0,0,27.7208,"C",27.7208,1,"1","0-12"
"0","1","male",71,0,0,34.6542,"C",34.6542,1,"0","55-100"
"1","1","female",35,0,0,512.3292,"C",170.7764,1,"0","18-39"
"1","1","male",35,0,0,512.3292,"C",170.7764,1,"0","18-39"
"1","1","male",36,0,1,512.3292,"C",170.7764,2,"0","18-39"
"1","1","female",39,1,1,83.1583,"C",83.1583,3,"0","18-39"
"1","1","female",18,1,0,227.525,"C",56.88125,2,"0","13-17"
"1","1","female",38,0,0,227.525,"C",56.88125,1,"0","18-39"
"1","1","female",42,0,0,227.525,"C",56.88125,1,"0","40-54"
"0","1","male",36,0,0,227.525,"C",56.88125,1,"0","18-39"
"0","1","male",18,1,0,108.9,"C",54.45,2,"0","13-17"
"1","1","female",17,1,0,108.9,"C",54.45,2,"0","13-17"
"1","1","male",23,0,1,63.3583,"C",63.3583,2,"0","18-39"
"1","1","female",36,0,0,135.6333,"C",45.2111,1,"0","18-39"
"1","1","female",35,0,0,135.6333,"S",45.2111,1,"0","18-39"
"0","1","male",22,0,0,135.6333,"C",45.2111,1,"0","18-39"
"1","1","female",30,0,0,106.425,"C",53.2125,1,"0","18-39"
"0","1","male",50,1,0,106.425,"C",53.2125,2,"0","40-54"
"0","3","male",22,0,0,9.35,"S",9.35,1,"0","18-39"
"1","3","female",4,1,1,16.7,"S",8.35,3,"1","0-12"
"1","3","female",24,0,2,16.7,"S",8.35,3,"0","18-39"
"0","3","male",48,0,0,8.05,"S",8.05,1,"0","40-54"
"1","2","male",1,0,2,37.0042,"C",18.5021,3,"1","0-12"
"0","2","male",31,1,1,37.0042,"C",18.5021,3,"0","18-39"
"0","2","male",16,0,0,10.5,"S",5.25,1,"0","13-17"
"0","2","female",57,0,0,10.5,"S",5.25,1,"0","55-100"
"0","3","male",45.5,0,0,7.55,"S",7.55,1,"0","40-54"
"0","2","male",32,2,0,73.5,"S",14.7,3,"0","18-39"
"0","2","male",21,2,0,73.5,"S",14.7,3,"0","18-39"
"0","2","male",21,0,0,73.5,"S",14.7,1,"0","18-39"
"0","2","male",24,2,0,73.5,"S",14.7,3,"0","18-39"
"0","2","male",18,0,0,73.5,"S",14.7,1,"0","13-17"
"0","2","male",51,0,0,12.525,"S",12.525,1,"0","40-54"
"0","3","male",19,0,0,8.1583,"S",8.1583,1,"0","18-39"
"1","2","male",62,0,0,10.5,"S",10.5,1,"0","55-100"
"1","2","female",17,0,0,12,"C",12,1,"0","13-17"
"0","2","male",37,1,0,26,"S",26,2,"0","18-39"
"1","2","female",42,1,0,26,"S",26,2,"0","40-54"
"1","2","female",23,0,0,13.7917,"C",13.7917,1,"0","18-39"
"1","2","female",22,1,2,41.5792,"C",13.8597333333333,4,"0","18-39"
"0","2","male",25,1,2,41.5792,"C",13.8597333333333,4,"0","18-39"
"1","2","female",3,1,2,41.5792,"C",13.8597333333333,4,"1","0-12"
"0","2","male",46,0,0,15.05,"C",15.05,1,"0","40-54"
"0","2","male",23,0,0,15.0458,"C",15.0458,1,"0","18-39"
"1","2","male",16,0,0,13.8625,"C",13.8625,1,"0","13-17"
"1","2","female",27,1,0,13.8583,"C",13.8583,2,"0","18-39"
"0","2","male",36,0,0,12.875,"C",12.875,1,"0","18-39"
"0","2","male",29,1,0,27.7208,"C",27.7208,2,"0","18-39"
"0","2","male",33,0,0,12.275,"S",12.275,1,"0","18-39"
"1","2","female",17,0,0,10.5,"S",10.5,1,"0","13-17"
"0","3","male",21,0,0,7.05,"S",7.05,1,"0","18-39"
"0","3","male",38,0,0,7.05,"S",7.05,1,"0","18-39"
"0","3","male",20,0,0,7.05,"S",7.05,1,"0","18-39"
"0","3","male",35,0,0,7.05,"S",7.05,1,"0","18-39"
"0","3","male",24,0,0,7.05,"S",7.05,1,"0","18-39"
"0","3","male",25,0,0,7.05,"S",7.05,1,"0","18-39"
"1","3","male",32,0,0,8.05,"S",8.05,1,"0","18-39"
"0","3","female",22,0,0,8.05,"S",8.05,1,"0","18-39"
"0","3","male",41,0,0,7.125,"S",7.125,1,"0","40-54"
"0","3","male",20,0,0,7.925,"S",7.925,1,"0","18-39"
"0","3","male",36,0,0,8.05,"S",8.05,1,"0","18-39"
"0","3","male",21,0,0,7.25,"S",7.25,1,"0","18-39"
"0","3","male",25,0,0,7.05,"S",7.05,1,"0","18-39"
"0","3","male",42,0,0,8.05,"S",8.05,1,"0","40-54"
"0","3","male",32,0,0,8.05,"S",8.05,1,"0","18-39"
"1","3","male",16,0,0,8.05,"S",8.05,1,"0","13-17"
"0","3","male",30,0,0,8.05,"S",8.05,1,"0","18-39"
"1","3","male",44,0,0,7.925,"S",7.925,1,"0","40-54"
"0","3","male",35,0,0,7.125,"S",7.125,1,"0","18-39"
"0","3","male",17,0,0,7.125,"S",7.125,1,"0","13-17"
"0","3","male",22,0,0,7.125,"S",7.125,1,"0","18-39"
"0","3","male",21,0,0,7.925,"S",7.925,1,"0","18-39"
"1","3","male",20,1,0,7.925,"S",7.925,2,"0","18-39"
"1","3","male",32,0,0,7.925,"S",7.925,1,"0","18-39"
"1","3","male",31,0,0,7.925,"S",7.925,1,"0","18-39"
"1","3","male",39,0,0,7.925,"S",7.925,1,"0","18-39"
"0","3","male",32,0,0,7.925,"S",7.925,1,"0","18-39"
"0","3","male",32,0,0,7.925,"S",7.925,1,"0","18-39"
"0","3","male",21,0,0,7.925,"S",7.925,1,"0","18-39"
"0","3","female",25,1,0,7.925,"S",7.925,2,"0","18-39"
"0","3","male",28,1,0,15.85,"S",7.925,2,"0","18-39"
"1","3","female",24,1,0,15.85,"S",7.925,2,"0","18-39"
"1","3","female",26,0,0,7.925,"S",7.925,1,"0","18-39"
"1","3","female",27,0,0,7.925,"S",7.925,1,"0","18-39"
"0","3","female",23,0,0,7.925,"S",7.925,1,"0","18-39"
"1","2","male",19,0,0,10.5,"S",10.5,1,"0","18-39"
"1","2","female",50,0,0,10.5,"S",10.5,1,"0","40-54"
"0","2","male",29,0,0,10.5,"S",10.5,1,"0","18-39"
"0","3","female",18,1,2,23.45,"S",11.725,4,"0","13-17"
"0","3","male",14,1,2,23.45,"S",11.725,4,"0","13-17"
"0","3","female",9,2,2,34.375,"S",8.59375,5,"0","0-12"
"0","3","female",21,2,2,34.375,"S",8.59375,5,"0","18-39"
"0","3","female",48,1,3,34.375,"S",8.59375,5,"0","40-54"
"0","3","male",16,1,3,34.375,"S",8.59375,5,"0","13-17"
"0","3","female",40,0,0,7.55,"S",7.55,1,"0","18-39"
"0","1","male",46,1,0,61.175,"S",61.175,2,"0","40-54"
"0","2","male",30,0,0,10.5,"S",10.5,1,"0","18-39"
"1","1","female",36,0,2,71,"S",35.5,3,"0","18-39"
"0","1","male",70,1,1,71,"S",35.5,3,"0","55-100"
